{"cameraMode":{"drawMode":0,"name":"Shaded","section":"Shading Mode"},"sceneLighting":false,"audioPlay":false,"sceneViewState":{"m_AlwaysRefresh":false,"showFog":true,"showSkybox":false,"showFlares":true,"showImageEffects":true,"showParticleSystems":true,"showVisualEffectGraphs":true,"m_FxEnabled":true},"in2DMode":false,"pivot":{"x":-0.03206287696957588,"y":-0.5500522255897522,"z":-3.1663053035736086},"rotation":{"x":0.00027420034166425467,"y":-0.9984155893325806,"z":0.05636858567595482,"w":0.004787847865372896},"size":2.477755546569824,"orthographic":false}